Order_ID,Order_Date,Customer_ID,Region,City,Product,Category,Quantity,Unit_Price,Discount,Gross_Sales,Discount_Amount,Net_Sales,Month,Month_Number
ORD0001,2025-01-21,CUST103,North,Jaipur,Mouse,Accessories,3.0,25,0.1,75.0,7.5,67.5,Jan,1
ORD0002,2025-04-10,CUST104,East,Patna,Monitor,Electronics,3.0,220,0.05,660.0,33.0,627.0,Apr,4
ORD0003,2025-10-21,CUST130,South,Bengaluru,Keyboard,Accessories,2.0,45,0.1,90.0,9.0,81.0,Oct,10
ORD0004,2025-09-10,CUST089,North,Delhi,Mouse,Accessories,4.0,25,0.05,100.0,5.0,95.0,Sep,9
ORD0005,2025-07-07,CUST015,East,Patna,Laptop,Electronics,7.0,650,0.0,4550.0,0.0,4550.0,Jul,7
ORD0006,2025-02-24,CUST064,South,Hyderabad,Printer,Office Equipment,6.0,180,0.0,1080.0,0.0,1080.0,Feb,2
ORD0007,2025-11-25,CUST018,East,Kolkata,Laptop,Electronics,3.0,650,0.1,1950.0,195.0,1755.0,Nov,11
ORD0008,2025-12-12,CUST053,North,Chandigarh,Mouse,Accessories,2.0,25,0.05,50.0,2.5,47.5,Dec,12
ORD0009,2025-09-21,CUST035,West,Ahmedabad,Monitor,Electronics,4.0,220,0.0,880.0,0.0,880.0,Sep,9
ORD0010,2025-02-23,CUST106,North,Chandigarh,Printer,Office Equipment,8.0,180,0.1,1440.0,144.0,1296.0,Feb,2
ORD0011,2025-02-13,CUST014,South,Bengaluru,Mouse,Accessories,7.0,25,0.1,175.0,17.5,157.5,Feb,2
ORD0012,2025-07-27,CUST082,East,Kolkata,Printer,Office Equipment,6.0,180,0.0,1080.0,0.0,1080.0,Jul,7
ORD0013,2025-02-10,CUST015,West,Pune,Headphones,Accessories,1.0,80,0.0,80.0,0.0,80.0,Feb,2
ORD0014,2025-05-09,CUST136,North,Delhi,Headphones,Accessories,7.0,80,0.05,560.0,28.0,532.0,May,5
ORD0015,2025-10-16,CUST123,East,Kolkata,Keyboard,Accessories,8.0,45,0.1,360.0,36.0,324.0,Oct,10
ORD0016,2025-05-15,CUST072,South,Hyderabad,Headphones,Accessories,2.0,80,0.0,160.0,0.0,160.0,May,5
ORD0017,2025-03-03,CUST037,South,Bengaluru,Mouse,Accessories,8.0,25,0.05,200.0,10.0,190.0,Mar,3
ORD0018,2025-08-15,CUST101,West,Pune,Keyboard,Accessories,3.0,45,0.05,135.0,6.75,128.25,Aug,8
ORD0019,2025-09-12,CUST142,East,Kolkata,Printer,Office Equipment,5.0,180,0.05,900.0,45.0,855.0,Sep,9
ORD0020,2025-06-28,CUST063,North,Jaipur,Keyboard,Accessories,7.0,45,0.0,315.0,0.0,315.0,Jun,6
ORD0021,2025-08-19,CUST143,West,Mumbai,Laptop,Electronics,8.0,650,0.1,5200.0,520.0,4680.0,Aug,8
ORD0022,2025-08-31,CUST086,North,Delhi,Keyboard,Accessories,8.0,45,0.05,360.0,18.0,342.0,Aug,8
ORD0023,2025-05-14,CUST028,South,Chennai,Mouse,Accessories,5.0,25,0.0,125.0,0.0,125.0,May,5
ORD0024,2025-12-14,CUST129,West,Pune,Mouse,Accessories,6.0,25,0.05,150.0,7.5,142.5,Dec,12
ORD0025,2025-08-21,CUST003,East,Bhubaneswar,Laptop,Electronics,1.0,650,0.1,650.0,65.0,585.0,Aug,8
ORD0026,2025-08-13,CUST051,West,Ahmedabad,Printer,Office Equipment,1.0,180,0.05,180.0,9.0,171.0,Aug,8
ORD0027,2025-04-06,CUST113,West,Ahmedabad,Monitor,Electronics,3.0,220,0.0,660.0,0.0,660.0,Apr,4
ORD0028,2025-10-22,CUST130,North,Chandigarh,Printer,Office Equipment,4.0,180,0.0,720.0,0.0,720.0,Oct,10
ORD0029,2025-07-06,CUST113,North,Delhi,Keyboard,Accessories,1.0,45,0.15,45.0,6.75,38.25,Jul,7
ORD0030,2025-08-13,CUST129,South,Chennai,Monitor,Electronics,7.0,220,0.0,1540.0,0.0,1540.0,Aug,8
ORD0031,2025-06-09,CUST068,South,Chennai,Keyboard,Accessories,5.0,45,0.05,225.0,11.25,213.75,Jun,6
ORD0032,2025-10-07,CUST069,West,Ahmedabad,Keyboard,Accessories,1.0,45,0.1,45.0,4.5,40.5,Oct,10
ORD0033,2025-08-28,CUST144,South,Chennai,Mouse,Accessories,6.0,25,0.05,150.0,7.5,142.5,Aug,8
ORD0034,2025-09-16,CUST148,North,Jaipur,Laptop,Electronics,6.0,650,0.1,3900.0,390.0,3510.0,Sep,9
ORD0035,2025-05-27,CUST148,East,Patna,Mouse,Accessories,2.0,25,0.05,50.0,2.5,47.5,May,5
ORD0036,2025-12-04,CUST104,North,Delhi,Mouse,Accessories,8.0,25,0.05,200.0,10.0,190.0,Dec,12
ORD0037,2025-10-25,CUST099,East,Kolkata,Laptop,Electronics,1.0,650,0.0,650.0,0.0,650.0,Oct,10
ORD0038,2025-03-01,CUST113,West,Pune,Mouse,Accessories,8.0,25,0.05,200.0,10.0,190.0,Mar,3
ORD0039,2025-06-09,CUST009,North,Chandigarh,Monitor,Electronics,4.0,220,0.05,880.0,44.0,836.0,Jun,6
ORD0040,2025-06-01,CUST054,East,Patna,Laptop,Electronics,8.0,650,0.1,5200.0,520.0,4680.0,Jun,6
ORD0041,2025-04-14,CUST084,West,Ahmedabad,Laptop,Electronics,1.0,650,0.0,650.0,0.0,650.0,Apr,4
ORD0042,2025-12-15,CUST146,East,Bhubaneswar,Printer,Office Equipment,1.0,180,0.1,180.0,18.0,162.0,Dec,12
ORD0043,2025-06-18,CUST068,South,Chennai,Printer,Office Equipment,6.0,180,0.05,1080.0,54.0,1026.0,Jun,6
ORD0044,2025-05-15,CUST145,South,Bengaluru,Laptop,Electronics,8.0,650,0.1,5200.0,520.0,4680.0,May,5
ORD0045,2025-01-22,CUST038,West,Ahmedabad,Laptop,Electronics,3.0,650,0.05,1950.0,97.5,1852.5,Jan,1
ORD0046,2025-01-27,CUST021,North,Jaipur,Printer,Office Equipment,6.0,180,0.15,1080.0,162.0,918.0,Jan,1
ORD0047,2025-11-13,CUST048,North,Jaipur,Printer,Office Equipment,8.0,180,0.1,1440.0,144.0,1296.0,Nov,11
ORD0048,2025-01-17,CUST046,West,Ahmedabad,Keyboard,Accessories,8.0,45,0.05,360.0,18.0,342.0,Jan,1
ORD0049,2025-10-07,CUST093,South,Hyderabad,Headphones,Accessories,4.0,80,0.0,320.0,0.0,320.0,Oct,10
ORD0050,2025-04-26,CUST067,South,Bengaluru,Laptop,Electronics,7.0,650,0.15,4550.0,682.5,3867.5,Apr,4
ORD0051,2025-11-19,CUST104,North,Chandigarh,Monitor,Electronics,7.0,220,0.1,1540.0,154.0,1386.0,Nov,11
ORD0052,2025-05-31,CUST127,West,Pune,Printer,Office Equipment,8.0,180,0.1,1440.0,144.0,1296.0,May,5
ORD0053,2025-10-26,CUST039,South,Chennai,Keyboard,Accessories,2.0,45,0.1,90.0,9.0,81.0,Oct,10
ORD0054,2025-01-13,CUST060,South,Hyderabad,Headphones,Accessories,2.0,80,0.1,160.0,16.0,144.0,Jan,1
ORD0055,2025-11-17,CUST008,East,Kolkata,Monitor,Electronics,4.0,220,0.1,880.0,88.0,792.0,Nov,11
ORD0056,2025-05-23,CUST092,West,Pune,Printer,Office Equipment,4.0,180,0.1,720.0,72.0,648.0,May,5
ORD0057,2025-06-02,CUST063,South,Hyderabad,Monitor,Electronics,7.0,220,0.0,1540.0,0.0,1540.0,Jun,6
ORD0058,2025-11-01,CUST070,North,Chandigarh,Printer,Office Equipment,2.0,180,0.1,360.0,36.0,324.0,Nov,11
ORD0059,2025-03-01,CUST108,East,Kolkata,Printer,Office Equipment,1.0,180,0.1,180.0,18.0,162.0,Mar,3
ORD0060,2025-12-16,CUST047,East,Bhubaneswar,Headphones,Accessories,5.0,80,0.0,400.0,0.0,400.0,Dec,12
ORD0061,2025-06-07,CUST147,East,Kolkata,Keyboard,Accessories,2.0,45,0.05,90.0,4.5,85.5,Jun,6
ORD0062,2025-12-12,CUST117,West,Ahmedabad,Laptop,Electronics,3.0,650,0.05,1950.0,97.5,1852.5,Dec,12
ORD0063,2025-05-09,CUST058,East,Patna,Printer,Office Equipment,1.0,180,0.1,180.0,18.0,162.0,May,5
ORD0064,2025-04-28,CUST048,North,Jaipur,Monitor,Electronics,2.0,220,0.0,440.0,0.0,440.0,Apr,4
ORD0065,2025-07-08,CUST069,West,Mumbai,Laptop,Electronics,5.0,650,0.05,3250.0,162.5,3087.5,Jul,7
ORD0066,2025-05-24,CUST086,North,Jaipur,Printer,Office Equipment,3.0,180,0.0,540.0,0.0,540.0,May,5
ORD0067,2025-04-04,CUST144,North,Chandigarh,Laptop,Electronics,4.0,650,0.0,2600.0,0.0,2600.0,Apr,4
ORD0068,2025-09-11,CUST101,South,Bengaluru,Monitor,Electronics,7.0,220,0.0,1540.0,0.0,1540.0,Sep,9
ORD0069,2025-06-29,CUST138,South,Chennai,Monitor,Electronics,5.0,220,0.1,1100.0,110.0,990.0,Jun,6
ORD0070,2025-11-21,CUST004,East,Bhubaneswar,Monitor,Electronics,8.0,220,0.1,1760.0,176.0,1584.0,Nov,11
ORD0071,2025-06-27,CUST124,North,Jaipur,Monitor,Electronics,4.0,220,0.05,880.0,44.0,836.0,Jun,6
ORD0072,2025-09-25,CUST067,North,Delhi,Laptop,Electronics,3.0,650,0.1,1950.0,195.0,1755.0,Sep,9
ORD0073,2025-01-12,CUST095,North,Chandigarh,Laptop,Electronics,3.0,650,0.0,1950.0,0.0,1950.0,Jan,1
ORD0074,2025-08-03,CUST081,South,Bengaluru,Printer,Office Equipment,3.0,180,0.05,540.0,27.0,513.0,Aug,8
ORD0075,2025-04-25,CUST105,West,Mumbai,Monitor,Electronics,2.0,220,0.1,440.0,44.0,396.0,Apr,4
ORD0076,2025-08-05,CUST021,South,Bengaluru,Mouse,Accessories,2.0,25,0.05,50.0,2.5,47.5,Aug,8
ORD0077,2025-07-11,CUST099,North,Chandigarh,Headphones,Accessories,5.0,80,0.1,400.0,40.0,360.0,Jul,7
ORD0078,2025-05-31,CUST037,North,Bengaluru,Mouse,Accessories,7.0,25,0.05,175.0,8.75,166.25,May,5
ORD0079,2025-12-21,CUST105,North,Jaipur,Mouse,Accessories,5.0,25,0.1,125.0,12.5,112.5,Dec,12
ORD0080,2025-08-05,CUST086,North,Delhi,Printer,Office Equipment,6.0,180,0.05,1080.0,54.0,1026.0,Aug,8
ORD0081,2025-08-21,CUST147,East,Patna,Headphones,Accessories,1.0,80,0.0,80.0,0.0,80.0,Aug,8
ORD0082,2025-02-21,CUST083,North,Jaipur,Mouse,Accessories,4.0,25,0.15,100.0,15.0,85.0,Feb,2
ORD0083,2025-01-25,CUST123,East,Kolkata,Monitor,Electronics,5.0,220,0.0,1100.0,0.0,1100.0,Jan,1
ORD0084,2025-02-08,CUST109,West,Mumbai,Headphones,Accessories,7.0,80,0.1,560.0,56.0,504.0,Feb,2
ORD0085,2025-05-02,CUST133,South,Chennai,Headphones,Accessories,7.0,80,0.15,560.0,84.0,476.0,May,5
ORD0086,2025-08-27,CUST076,East,Kolkata,Keyboard,Accessories,3.0,45,0.1,135.0,13.5,121.5,Aug,8
ORD0087,2025-08-18,CUST007,South,Chennai,Laptop,Electronics,4.0,650,0.1,2600.0,260.0,2340.0,Aug,8
ORD0088,2025-05-02,CUST005,North,Chandigarh,Printer,Office Equipment,1.0,180,0.1,180.0,18.0,162.0,May,5
ORD0089,2025-12-31,CUST065,North,Chandigarh,Headphones,Accessories,3.0,80,0.05,240.0,12.0,228.0,Dec,12
ORD0090,2025-10-28,CUST132,West,Mumbai,Printer,Office Equipment,7.0,180,0.15,1260.0,189.0,1071.0,Oct,10
ORD0091,2025-07-01,CUST091,South,Hyderabad,Mouse,Accessories,3.0,25,0.1,75.0,7.5,67.5,Jul,7
ORD0092,2025-06-22,CUST141,South,Hyderabad,Monitor,Electronics,7.0,220,0.05,1540.0,77.0,1463.0,Jun,6
ORD0093,2025-11-13,CUST127,West,Pune,Monitor,Electronics,2.0,220,0.1,440.0,44.0,396.0,Nov,11
ORD0094,2025-07-09,CUST113,East,Kolkata,Laptop,Electronics,3.0,650,0.05,1950.0,97.5,1852.5,Jul,7
ORD0095,2025-02-27,CUST044,West,Mumbai,Laptop,Electronics,6.0,650,0.05,3900.0,195.0,3705.0,Feb,2
ORD0096,2025-03-21,CUST118,West,Mumbai,Headphones,Accessories,5.0,80,0.0,400.0,0.0,400.0,Mar,3
ORD0097,2025-01-20,CUST146,East,Kolkata,Headphones,Accessories,4.0,80,0.05,320.0,16.0,304.0,Jan,1
ORD0098,2025-02-23,CUST118,North,Chandigarh,Laptop,Electronics,7.0,650,0.05,4550.0,227.5,4322.5,Feb,2
ORD0099,2025-11-26,CUST016,West,Ahmedabad,Keyboard,Accessories,1.0,45,0.15,45.0,6.75,38.25,Nov,11
ORD0100,2025-06-13,CUST090,West,Mumbai,Printer,Office Equipment,8.0,180,0.0,1440.0,0.0,1440.0,Jun,6
ORD0101,2025-02-10,CUST145,West,Pune,Monitor,Electronics,4.0,220,0.0,880.0,0.0,880.0,Feb,2
ORD0102,2025-08-28,CUST141,North,Delhi,Laptop,Electronics,4.0,650,0.05,2600.0,130.0,2470.0,Aug,8
ORD0103,2025-09-13,CUST047,East,Kolkata,Printer,Office Equipment,6.0,180,0.15,1080.0,162.0,918.0,Sep,9
ORD0104,2025-09-08,CUST109,South,Chennai,Laptop,Electronics,8.0,650,0.1,5200.0,520.0,4680.0,Sep,9
ORD0105,2025-08-12,CUST011,East,Kolkata,Headphones,Accessories,6.0,80,0.1,480.0,48.0,432.0,Aug,8
ORD0106,2025-10-10,CUST098,South,Hyderabad,Headphones,Accessories,1.0,80,0.15,80.0,12.0,68.0,Oct,10
ORD0107,2025-11-07,CUST006,East,Patna,Laptop,Electronics,1.0,650,0.0,650.0,0.0,650.0,Nov,11
ORD0108,2025-09-16,CUST023,North,Delhi,Mouse,Accessories,7.0,25,0.1,175.0,17.5,157.5,Sep,9
ORD0109,2025-05-25,CUST085,North,Delhi,Headphones,Accessories,2.0,80,0.1,160.0,16.0,144.0,May,5
ORD0110,2025-07-24,CUST004,North,Chandigarh,Printer,Office Equipment,1.0,180,0.15,180.0,27.0,153.0,Jul,7
ORD0111,2025-12-14,CUST095,North,Delhi,Printer,Office Equipment,8.0,180,0.05,1440.0,72.0,1368.0,Dec,12
ORD0112,2025-11-02,CUST012,South,Chennai,Monitor,Electronics,6.0,220,0.1,1320.0,132.0,1188.0,Nov,11
ORD0113,2025-11-09,CUST145,South,Bengaluru,Laptop,Electronics,6.0,650,0.1,3900.0,390.0,3510.0,Nov,11
ORD0114,2025-04-13,CUST038,North,Chandigarh,Headphones,Accessories,2.0,80,0.1,160.0,16.0,144.0,Apr,4
ORD0115,2025-11-04,CUST079,South,Chennai,Monitor,Electronics,6.0,220,0.05,1320.0,66.0,1254.0,Nov,11
ORD0116,2025-05-13,CUST029,South,Hyderabad,Mouse,Accessories,2.0,25,0.1,50.0,5.0,45.0,May,5
ORD0117,2025-12-06,CUST069,South,Bengaluru,Mouse,Accessories,2.0,25,0.1,50.0,5.0,45.0,Dec,12
ORD0118,2025-08-23,CUST043,South,Bengaluru,Monitor,Electronics,2.0,220,0.0,440.0,0.0,440.0,Aug,8
ORD0119,2025-12-02,CUST095,East,Patna,Keyboard,Accessories,1.0,45,0.05,45.0,2.25,42.75,Dec,12
ORD0120,2025-06-04,CUST093,South,Bengaluru,Keyboard,Accessories,3.0,45,0.1,135.0,13.5,121.5,Jun,6
ORD0121,2025-01-05,CUST092,North,Chandigarh,Monitor,Electronics,3.0,220,0.0,660.0,0.0,660.0,Jan,1
ORD0122,2025-05-13,CUST012,North,Chandigarh,Monitor,Electronics,5.0,220,0.05,1100.0,55.0,1045.0,May,5
ORD0123,2025-10-28,CUST073,South,Chennai,Monitor,Electronics,1.0,220,0.05,220.0,11.0,209.0,Oct,10
ORD0124,2025-02-25,CUST094,North,Jaipur,Monitor,Electronics,1.0,220,0.1,220.0,22.0,198.0,Feb,2
ORD0125,2025-09-14,CUST008,East,Kolkata,Keyboard,Accessories,1.0,45,0.0,45.0,0.0,45.0,Sep,9
ORD0126,2025-05-07,CUST056,East,Kolkata,Laptop,Electronics,4.0,650,0.0,2600.0,0.0,2600.0,May,5
ORD0127,2025-08-04,CUST130,South,Chennai,Printer,Office Equipment,4.0,180,0.05,720.0,36.0,684.0,Aug,8
ORD0128,2025-01-07,CUST003,South,Chennai,Headphones,Accessories,3.0,80,0.0,240.0,0.0,240.0,Jan,1
ORD0129,2025-10-21,CUST115,East,Patna,Printer,Office Equipment,4.0,180,0.0,720.0,0.0,720.0,Oct,10
ORD0130,2025-09-30,CUST086,East,Kolkata,Laptop,Electronics,4.0,650,0.0,2600.0,0.0,2600.0,Sep,9
ORD0131,2025-01-25,CUST068,South,Bengaluru,Monitor,Electronics,1.0,220,0.0,220.0,0.0,220.0,Jan,1
ORD0132,2025-08-16,CUST111,East,Kolkata,Monitor,Electronics,5.0,220,0.05,1100.0,55.0,1045.0,Aug,8
ORD0133,2025-08-24,CUST083,South,Hyderabad,Printer,Office Equipment,8.0,180,0.05,1440.0,72.0,1368.0,Aug,8
ORD0134,2025-11-16,CUST059,North,Delhi,Monitor,Electronics,6.0,220,0.1,1320.0,132.0,1188.0,Nov,11
ORD0135,2025-05-30,CUST021,South,Bengaluru,Headphones,Accessories,1.0,80,0.0,80.0,0.0,80.0,May,5
ORD0136,2025-11-27,CUST062,South,Hyderabad,Printer,Office Equipment,8.0,180,0.0,1440.0,0.0,1440.0,Nov,11
ORD0137,2025-08-31,CUST031,East,Patna,Printer,Office Equipment,1.0,180,0.0,180.0,0.0,180.0,Aug,8
ORD0138,2025-08-08,CUST075,West,Ahmedabad,Headphones,Accessories,6.0,80,0.05,480.0,24.0,456.0,Aug,8
ORD0139,2025-03-03,CUST079,East,Bhubaneswar,Mouse,Accessories,6.0,25,0.0,150.0,0.0,150.0,Mar,3
ORD0140,2025-05-13,CUST070,West,Pune,Keyboard,Accessories,3.0,45,0.1,135.0,13.5,121.5,May,5
ORD0141,2025-04-23,CUST140,South,Hyderabad,Monitor,Electronics,4.0,220,0.05,880.0,44.0,836.0,Apr,4
ORD0142,2025-05-19,CUST100,South,Chennai,Laptop,Electronics,8.0,650,0.0,5200.0,0.0,5200.0,May,5
ORD0143,2025-01-10,CUST005,East,Patna,Headphones,Accessories,1.0,80,0.05,80.0,4.0,76.0,Jan,1
ORD0144,2025-03-25,CUST065,West,Pune,Monitor,Electronics,5.0,220,0.1,1100.0,110.0,990.0,Mar,3
ORD0145,2025-02-07,CUST094,North,Delhi,Headphones,Accessories,1.0,80,0.05,80.0,4.0,76.0,Feb,2
ORD0146,2025-11-30,CUST117,North,Chandigarh,Mouse,Electronics,4.0,650,0.15,2600.0,390.0,2210.0,Nov,11
ORD0147,2025-01-01,CUST040,North,Chandigarh,Keyboard,Accessories,4.0,45,0.05,180.0,9.0,171.0,Jan,1
ORD0148,2025-08-17,CUST014,West,Mumbai,Printer,Office Equipment,8.0,180,0.1,1440.0,144.0,1296.0,Aug,8
ORD0149,2025-12-05,CUST123,South,Hyderabad,Mouse,Accessories,5.0,25,0.0,125.0,0.0,125.0,Dec,12
ORD0150,2025-02-11,CUST089,South,Chennai,Printer,Office Equipment,4.0,180,0.0,720.0,0.0,720.0,Feb,2
ORD0151,2025-06-28,CUST125,West,Ahmedabad,Monitor,Electronics,8.0,220,0.05,1760.0,88.0,1672.0,Jun,6
ORD0152,2025-06-02,CUST145,North,Jaipur,Printer,Office Equipment,7.0,180,0.05,1260.0,63.0,1197.0,Jun,6
ORD0153,2025-04-14,CUST104,East,Patna,Laptop,Electronics,2.0,650,0.05,1300.0,65.0,1235.0,Apr,4
ORD0154,2025-06-28,CUST042,East,Patna,Keyboard,Accessories,6.0,45,0.15,270.0,40.5,229.5,Jun,6
ORD0155,2025-08-19,CUST038,East,Patna,Mouse,Accessories,5.0,25,0.05,125.0,6.25,118.75,Aug,8
ORD0156,2025-10-16,CUST086,North,Delhi,Laptop,Electronics,5.0,650,0.1,3250.0,325.0,2925.0,Oct,10
ORD0157,2025-04-28,CUST038,South,Bengaluru,Monitor,Electronics,3.0,220,0.1,660.0,66.0,594.0,Apr,4
ORD0158,2025-07-03,CUST015,East,Patna,Headphones,Accessories,4.0,80,0.05,320.0,16.0,304.0,Jul,7
ORD0159,2025-11-28,CUST130,West,Mumbai,Headphones,Accessories,5.0,80,0.0,400.0,0.0,400.0,Nov,11
ORD0160,2025-10-09,CUST043,East,Patna,Keyboard,Accessories,3.0,45,0.05,135.0,6.75,128.25,Oct,10
ORD0161,2025-02-07,CUST134,North,Jaipur,Keyboard,Accessories,6.0,45,0.15,270.0,40.5,229.5,Feb,2
ORD0162,2025-04-14,CUST111,South,Hyderabad,Monitor,Electronics,4.0,220,0.15,880.0,132.0,748.0,Apr,4
ORD0163,2025-05-07,CUST106,East,Kolkata,Mouse,Accessories,8.0,25,0.0,200.0,0.0,200.0,May,5
ORD0164,2025-02-20,CUST029,West,Ahmedabad,Laptop,Electronics,2.0,650,0.0,1300.0,0.0,1300.0,Feb,2
ORD0165,2025-09-14,CUST046,West,Mumbai,Printer,Office Equipment,6.0,180,0.15,1080.0,162.0,918.0,Sep,9
ORD0166,2025-11-09,CUST001,North,Chandigarh,Headphones,Accessories,6.0,80,0.0,480.0,0.0,480.0,Nov,11
ORD0167,2025-11-05,CUST137,East,Patna,Printer,Office Equipment,8.0,180,0.05,1440.0,72.0,1368.0,Nov,11
ORD0168,2025-10-18,CUST063,West,Mumbai,Monitor,Electronics,5.0,220,0.05,1100.0,55.0,1045.0,Oct,10
ORD0169,2025-07-29,CUST091,North,Chandigarh,Mouse,Accessories,3.0,25,0.15,75.0,11.25,63.75,Jul,7
ORD0170,2025-06-28,CUST025,West,Ahmedabad,Laptop,Electronics,3.0,650,0.05,1950.0,97.5,1852.5,Jun,6
ORD0171,2025-10-12,CUST063,South,Bengaluru,Mouse,Accessories,8.0,25,0.0,200.0,0.0,200.0,Oct,10
ORD0172,2025-02-18,CUST081,South,Chennai,Keyboard,Accessories,4.0,45,0.0,180.0,0.0,180.0,Feb,2
ORD0173,2025-03-04,CUST104,North,Delhi,Mouse,Accessories,4.0,25,0.05,100.0,5.0,95.0,Mar,3
ORD0174,2025-08-03,CUST123,East,Kolkata,Laptop,Electronics,8.0,650,0.0,5200.0,0.0,5200.0,Aug,8
ORD0175,2025-10-13,CUST144,South,Chennai,Keyboard,Accessories,5.0,45,0.05,225.0,11.25,213.75,Oct,10
ORD0176,2025-07-13,CUST113,South,Bengaluru,Keyboard,Accessories,6.0,45,0.1,270.0,27.0,243.0,Jul,7
ORD0177,2025-09-21,CUST055,South,Chennai,Monitor,Electronics,3.0,220,0.0,660.0,0.0,660.0,Sep,9
ORD0178,2025-06-11,CUST124,West,Pune,Keyboard,Accessories,2.0,45,0.1,90.0,9.0,81.0,Jun,6
ORD0179,2025-12-15,CUST008,East,Patna,Laptop,Electronics,4.0,650,0.1,2600.0,260.0,2340.0,Dec,12
ORD0180,2025-09-12,CUST072,North,Jaipur,Laptop,Electronics,3.0,650,0.0,1950.0,0.0,1950.0,Sep,9
ORD0181,2025-04-07,CUST092,North,Jaipur,Printer,Office Equipment,5.0,180,0.0,900.0,0.0,900.0,Apr,4
ORD0182,2025-06-14,CUST142,East,Bhubaneswar,Monitor,Electronics,8.0,220,0.1,1760.0,176.0,1584.0,Jun,6
ORD0183,2025-03-26,CUST147,East,Bhubaneswar,Monitor,Electronics,7.0,220,0.1,1540.0,154.0,1386.0,Mar,3
ORD0184,2025-10-30,CUST148,East,Kolkata,Headphones,Accessories,4.0,80,0.1,320.0,32.0,288.0,Oct,10
ORD0185,2025-04-29,CUST140,South,Hyderabad,Keyboard,Accessories,2.0,45,0.05,90.0,4.5,85.5,Apr,4
ORD0186,2025-08-14,CUST053,North,Delhi,Mouse,Accessories,6.0,25,0.1,150.0,15.0,135.0,Aug,8
ORD0187,2025-03-22,CUST120,East,Bhubaneswar,Mouse,Accessories,6.0,25,0.1,150.0,15.0,135.0,Mar,3
ORD0188,2025-04-25,CUST014,South,Hyderabad,Keyboard,Accessories,8.0,45,0.0,360.0,0.0,360.0,Apr,4
ORD0189,2025-07-20,CUST022,West,Pune,Laptop,Electronics,5.0,650,0.05,3250.0,162.5,3087.5,Jul,7
ORD0190,2025-04-08,CUST037,South,Chennai,Keyboard,Accessories,2.0,45,0.15,90.0,13.5,76.5,Apr,4
ORD0191,2025-12-22,CUST041,South,Chennai,Keyboard,Accessories,8.0,45,0.0,360.0,0.0,360.0,Dec,12
ORD0192,2025-03-17,CUST087,South,Bengaluru,Printer,Office Equipment,5.0,180,0.1,900.0,90.0,810.0,Mar,3
ORD0193,2025-10-14,CUST134,South,Chennai,Headphones,Accessories,5.0,80,0.0,400.0,0.0,400.0,Oct,10
ORD0194,2025-11-05,CUST138,West,Pune,Keyboard,Accessories,4.0,45,0.05,180.0,9.0,171.0,Nov,11
ORD0195,2025-05-02,CUST046,North,Chandigarh,Headphones,Accessories,5.0,80,0.05,400.0,20.0,380.0,May,5
ORD0196,2025-06-30,CUST036,West,Pune,Monitor,Electronics,3.0,220,0.0,660.0,0.0,660.0,Jun,6
ORD0197,2025-01-11,CUST113,South,Bengaluru,Keyboard,Accessories,5.0,45,0.1,225.0,22.5,202.5,Jan,1
ORD0198,2025-04-21,CUST150,East,Patna,Keyboard,Accessories,6.0,45,0.05,270.0,13.5,256.5,Apr,4
ORD0199,2025-05-28,CUST081,West,Mumbai,Headphones,Accessories,2.0,80,0.0,160.0,0.0,160.0,May,5
ORD0200,2025-06-03,CUST073,East,Kolkata,Printer,Office Equipment,3.0,180,0.0,540.0,0.0,540.0,Jun,6
ORD0201,2025-04-14,CUST042,West,Mumbai,Laptop,Electronics,1.0,650,0.05,650.0,32.5,617.5,Apr,4
ORD0202,2025-04-18,CUST102,East,Patna,Laptop,Electronics,3.0,650,0.0,1950.0,0.0,1950.0,Apr,4
ORD0203,2025-11-01,CUST017,West,Ahmedabad,Monitor,Electronics,5.0,220,0.0,1100.0,0.0,1100.0,Nov,11
ORD0204,2025-11-14,CUST080,North,Jaipur,Monitor,Electronics,1.0,220,0.0,220.0,0.0,220.0,Nov,11
ORD0205,2025-07-17,CUST025,West,Ahmedabad,Keyboard,Accessories,5.0,45,0.1,225.0,22.5,202.5,Jul,7
ORD0206,2025-12-31,CUST026,North,Jaipur,Monitor,Electronics,3.0,220,0.15,660.0,99.0,561.0,Dec,12
ORD0207,2025-03-27,CUST135,West,Ahmedabad,Monitor,Electronics,1.0,220,0.0,220.0,0.0,220.0,Mar,3
ORD0208,2025-06-25,CUST072,East,Kolkata,Printer,Office Equipment,7.0,180,0.0,1260.0,0.0,1260.0,Jun,6
ORD0209,2025-04-13,CUST017,East,Patna,Monitor,Electronics,5.0,220,0.05,1100.0,55.0,1045.0,Apr,4
ORD0210,2025-04-08,CUST131,East,Patna,Printer,Office Equipment,4.0,180,0.0,720.0,0.0,720.0,Apr,4
ORD0211,2025-02-08,CUST015,East,Bhubaneswar,Headphones,Accessories,7.0,80,0.05,560.0,28.0,532.0,Feb,2
ORD0212,2025-07-29,CUST016,West,Mumbai,Laptop,Electronics,6.0,650,0.0,3900.0,0.0,3900.0,Jul,7
ORD0213,2025-06-19,CUST034,South,Chennai,Headphones,Accessories,2.0,80,0.0,160.0,0.0,160.0,Jun,6
ORD0214,2025-04-06,CUST123,East,Patna,Printer,Office Equipment,5.0,180,0.05,900.0,45.0,855.0,Apr,4
ORD0215,2025-11-14,CUST016,West,Mumbai,Printer,Office Equipment,6.0,180,0.0,1080.0,0.0,1080.0,Nov,11
ORD0216,2025-12-25,CUST084,East,Kolkata,Mouse,Accessories,2.0,25,0.0,50.0,0.0,50.0,Dec,12
ORD0217,2025-05-22,CUST120,North,Chandigarh,Headphones,Accessories,1.0,80,0.0,80.0,0.0,80.0,May,5
ORD0218,2025-07-12,CUST073,South,Chennai,Printer,Office Equipment,6.0,180,0.05,1080.0,54.0,1026.0,Jul,7
ORD0219,2025-07-17,CUST039,North,Jaipur,Laptop,Electronics,2.0,650,0.1,1300.0,130.0,1170.0,Jul,7
ORD0220,2025-06-02,CUST052,West,Ahmedabad,Printer,Office Equipment,6.0,180,0.05,1080.0,54.0,1026.0,Jun,6
ORD0221,2025-08-31,CUST110,East,Kolkata,Mouse,Accessories,7.0,25,0.0,175.0,0.0,175.0,Aug,8
ORD0222,2025-08-29,CUST003,East,Bhubaneswar,Monitor,Electronics,1.0,220,0.0,220.0,0.0,220.0,Aug,8
ORD0223,2025-06-26,CUST009,North,Delhi,Printer,Office Equipment,6.0,180,0.15,1080.0,162.0,918.0,Jun,6
ORD0224,2025-06-27,CUST082,West,Pune,Keyboard,Accessories,1.0,45,0.0,45.0,0.0,45.0,Jun,6
ORD0225,2025-09-26,CUST120,North,Jaipur,Printer,Office Equipment,8.0,180,0.05,1440.0,72.0,1368.0,Sep,9
ORD0226,2025-12-23,CUST098,East,Kolkata,Headphones,Accessories,1.0,80,0.1,80.0,8.0,72.0,Dec,12
ORD0227,2025-05-17,CUST076,North,Jaipur,Keyboard,Accessories,3.0,45,0.0,135.0,0.0,135.0,May,5
ORD0228,2025-08-14,CUST124,North,Jaipur,Monitor,Electronics,8.0,220,0.15,1760.0,264.0,1496.0,Aug,8
ORD0229,2025-02-06,CUST060,West,Ahmedabad,Printer,Office Equipment,5.0,180,0.0,900.0,0.0,900.0,Feb,2
ORD0230,2025-02-09,CUST045,West,Mumbai,Headphones,Accessories,5.0,80,0.1,400.0,40.0,360.0,Feb,2
ORD0231,2025-02-09,CUST098,North,Jaipur,Printer,Office Equipment,2.0,180,0.05,360.0,18.0,342.0,Feb,2
ORD0232,2025-05-27,CUST080,North,Delhi,Keyboard,Accessories,1.0,45,0.1,45.0,4.5,40.5,May,5
ORD0233,2025-09-26,CUST107,North,Jaipur,Mouse,Accessories,3.0,25,0.0,75.0,0.0,75.0,Sep,9
ORD0234,2025-06-04,CUST007,North,Delhi,Headphones,Accessories,2.0,80,0.0,160.0,0.0,160.0,Jun,6
ORD0235,2025-01-31,CUST023,East,Kolkata,Headphones,Accessories,2.0,80,0.05,160.0,8.0,152.0,Jan,1
ORD0236,2025-03-23,CUST100,South,Hyderabad,Monitor,Electronics,5.0,220,0.1,1100.0,110.0,990.0,Mar,3
ORD0237,2025-08-12,CUST013,South,Bengaluru,Monitor,Electronics,5.0,220,0.0,1100.0,0.0,1100.0,Aug,8
ORD0238,2025-08-11,CUST098,East,Kolkata,Printer,Office Equipment,1.0,180,0.05,180.0,9.0,171.0,Aug,8
ORD0239,2025-03-15,CUST063,West,Mumbai,Mouse,Accessories,3.0,25,0.0,75.0,0.0,75.0,Mar,3
ORD0240,2025-10-05,CUST148,West,Ahmedabad,Mouse,Accessories,6.0,25,0.1,150.0,15.0,135.0,Oct,10
ORD0241,2025-07-12,CUST022,South,Hyderabad,Mouse,Accessories,8.0,25,0.1,200.0,20.0,180.0,Jul,7
ORD0242,2025-07-11,CUST029,West,Ahmedabad,Monitor,Electronics,2.0,220,0.1,440.0,44.0,396.0,Jul,7
ORD0243,2025-01-07,CUST029,West,Ahmedabad,Mouse,Accessories,3.0,25,0.05,75.0,3.75,71.25,Jan,1
ORD0244,2025-02-27,CUST026,North,Chandigarh,Keyboard,Accessories,7.0,45,0.05,315.0,15.75,299.25,Feb,2
ORD0245,2025-04-09,CUST141,South,Chennai,Monitor,Electronics,5.0,220,0.15,1100.0,165.0,935.0,Apr,4
ORD0246,2025-03-16,CUST116,East,Patna,Laptop,Electronics,7.0,650,0.1,4550.0,455.0,4095.0,Mar,3
ORD0247,2025-01-27,CUST081,East,Bhubaneswar,Monitor,Electronics,4.0,220,0.1,880.0,88.0,792.0,Jan,1
ORD0248,2025-12-23,CUST084,West,Mumbai,Printer,Office Equipment,5.0,180,0.15,900.0,135.0,765.0,Dec,12
ORD0249,2025-09-14,CUST058,East,Kolkata,Printer,Office Equipment,5.0,180,0.15,900.0,135.0,765.0,Sep,9
ORD0250,2025-11-16,CUST025,South,Hyderabad,Mouse,Accessories,2.0,25,0.0,50.0,0.0,50.0,Nov,11
ORD0251,2025-03-13,CUST060,South,Hyderabad,Mouse,Accessories,4.0,25,0.05,100.0,5.0,95.0,Mar,3
ORD0252,2025-03-20,CUST027,North,Delhi,Printer,Office Equipment,5.0,180,0.1,900.0,90.0,810.0,Mar,3
ORD0253,2025-06-30,CUST024,South,Hyderabad,Printer,Office Equipment,3.0,180,0.1,540.0,54.0,486.0,Jun,6
ORD0254,2025-06-02,CUST017,South,Hyderabad,Mouse,Accessories,4.0,25,0.1,100.0,10.0,90.0,Jun,6
ORD0255,2025-11-15,CUST117,West,Mumbai,Printer,Office Equipment,6.0,180,0.0,1080.0,0.0,1080.0,Nov,11
ORD0256,2025-03-13,CUST021,West,Ahmedabad,Monitor,Electronics,8.0,220,0.05,1760.0,88.0,1672.0,Mar,3
ORD0257,2025-06-15,CUST032,South,Chennai,Monitor,Electronics,6.0,220,0.15,1320.0,198.0,1122.0,Jun,6
ORD0258,2025-09-24,CUST088,North,Delhi,Keyboard,Accessories,1.0,45,0.15,45.0,6.75,38.25,Sep,9
ORD0259,2025-03-21,CUST054,North,Delhi,Laptop,Electronics,6.0,650,0.0,3900.0,0.0,3900.0,Mar,3
ORD0260,2025-08-30,CUST097,West,Mumbai,Printer,Office Equipment,2.0,180,0.1,360.0,36.0,324.0,Aug,8
ORD0261,2025-03-18,CUST116,North,Delhi,Monitor,Electronics,1.0,220,0.05,220.0,11.0,209.0,Mar,3
ORD0262,2025-03-31,CUST122,South,Hyderabad,Monitor,Electronics,2.0,220,0.15,440.0,66.0,374.0,Mar,3
ORD0263,2025-11-01,CUST104,East,Bhubaneswar,Monitor,Electronics,2.0,220,0.0,440.0,0.0,440.0,Nov,11
ORD0264,2025-09-19,CUST073,North,Jaipur,Keyboard,Accessories,3.0,45,0.0,135.0,0.0,135.0,Sep,9
ORD0265,2025-11-14,CUST111,South,Chennai,Laptop,Electronics,4.0,650,0.1,2600.0,260.0,2340.0,Nov,11
ORD0266,2025-11-10,CUST022,East,Patna,Keyboard,Accessories,3.0,45,0.1,135.0,13.5,121.5,Nov,11
ORD0267,2025-12-28,CUST014,East,Patna,Monitor,Electronics,7.0,220,0.05,1540.0,77.0,1463.0,Dec,12
ORD0268,2025-01-25,CUST045,South,Chennai,Keyboard,Accessories,4.0,45,0.0,180.0,0.0,180.0,Jan,1
ORD0269,2025-06-22,CUST136,South,Hyderabad,Keyboard,Accessories,7.0,45,0.05,315.0,15.75,299.25,Jun,6
ORD0270,2025-10-27,CUST082,East,Kolkata,Headphones,Accessories,7.0,80,0.0,560.0,0.0,560.0,Oct,10
ORD0271,2025-11-08,CUST105,South,Hyderabad,Printer,Office Equipment,6.0,180,0.0,1080.0,0.0,1080.0,Nov,11
ORD0272,2025-04-03,CUST097,East,Bhubaneswar,Keyboard,Accessories,3.0,45,0.1,135.0,13.5,121.5,Apr,4
ORD0273,2025-01-24,CUST148,North,Chandigarh,Mouse,Accessories,5.0,25,0.1,125.0,12.5,112.5,Jan,1
ORD0274,2025-02-19,CUST096,West,Pune,Headphones,Accessories,4.0,80,0.05,320.0,16.0,304.0,Feb,2
ORD0275,2025-08-16,CUST066,West,Pune,Laptop,Electronics,5.0,650,0.05,3250.0,162.5,3087.5,Aug,8
ORD0276,2025-07-05,CUST125,West,Pune,Monitor,Electronics,7.0,220,0.0,1540.0,0.0,1540.0,Jul,7
ORD0277,2025-08-13,CUST099,East,Kolkata,Mouse,Accessories,2.0,25,0.05,50.0,2.5,47.5,Aug,8
ORD0278,2025-01-14,CUST078,West,Pune,Monitor,Electronics,7.0,220,0.05,1540.0,77.0,1463.0,Jan,1
ORD0279,2025-02-10,CUST062,East,Kolkata,Monitor,Electronics,5.0,220,0.0,1100.0,0.0,1100.0,Feb,2
ORD0280,2025-08-19,CUST084,West,Mumbai,Printer,Office Equipment,7.0,180,0.05,1260.0,63.0,1197.0,Aug,8
ORD0281,2025-01-28,CUST066,East,Bhubaneswar,Monitor,Electronics,1.0,220,0.05,220.0,11.0,209.0,Jan,1
ORD0282,2025-06-13,CUST045,North,Delhi,Keyboard,Accessories,7.0,45,0.05,315.0,15.75,299.25,Jun,6
ORD0283,2025-04-03,CUST010,South,Hyderabad,Keyboard,Accessories,6.0,45,0.0,270.0,0.0,270.0,Apr,4
ORD0284,2025-09-21,CUST001,South,Bengaluru,Mouse,Accessories,1.0,25,0.05,25.0,1.25,23.75,Sep,9
ORD0285,2025-04-17,CUST049,West,Pune,Laptop,Electronics,4.0,650,0.05,2600.0,130.0,2470.0,Apr,4
ORD0286,2025-09-08,CUST148,West,Ahmedabad,Laptop,Electronics,7.0,650,0.05,4550.0,227.5,4322.5,Sep,9
ORD0287,2025-01-20,CUST026,South,Chennai,Monitor,Electronics,1.0,220,0.05,220.0,11.0,209.0,Jan,1
ORD0288,2025-09-02,CUST059,North,Jaipur,Headphones,Accessories,3.0,80,0.05,240.0,12.0,228.0,Sep,9
ORD0289,2025-10-03,CUST043,North,Delhi,Headphones,Accessories,3.0,80,0.0,240.0,0.0,240.0,Oct,10
ORD0290,2025-02-08,CUST038,South,Bengaluru,Printer,Office Equipment,2.0,180,0.15,360.0,54.0,306.0,Feb,2
ORD0291,2025-08-22,CUST124,East,Bhubaneswar,Mouse,Accessories,5.0,25,0.0,125.0,0.0,125.0,Aug,8
ORD0292,2025-12-18,CUST102,North,Delhi,Monitor,Electronics,7.0,220,0.1,1540.0,154.0,1386.0,Dec,12
ORD0293,2025-11-07,CUST119,East,Bhubaneswar,Headphones,Accessories,7.0,80,0.1,560.0,56.0,504.0,Nov,11
ORD0294,2025-05-25,CUST026,East,Bhubaneswar,Monitor,Electronics,6.0,220,0.05,1320.0,66.0,1254.0,May,5
ORD0295,2025-10-16,CUST001,West,Ahmedabad,Laptop,Electronics,8.0,650,0.1,5200.0,520.0,4680.0,Oct,10
ORD0296,2025-12-27,CUST090,East,Bhubaneswar,Keyboard,Accessories,5.0,45,0.1,225.0,22.5,202.5,Dec,12
ORD0297,2025-03-04,CUST073,West,Pune,Printer,Office Equipment,2.0,180,0.05,360.0,18.0,342.0,Mar,3
ORD0298,2025-09-02,CUST077,North,Delhi,Laptop,Electronics,8.0,650,0.1,5200.0,520.0,4680.0,Sep,9
ORD0299,2025-05-12,CUST102,East,Bhubaneswar,Laptop,Electronics,5.0,650,0.1,3250.0,325.0,2925.0,May,5
ORD0300,2025-10-06,CUST083,South,Chennai,Keyboard,Accessories,2.0,45,0.1,90.0,9.0,81.0,Oct,10
ORD0301,2025-03-30,CUST143,East,Kolkata,Headphones,Accessories,8.0,80,0.0,640.0,0.0,640.0,Mar,3
ORD0302,2025-11-12,CUST093,West,Pune,Laptop,Electronics,7.0,650,0.05,4550.0,227.5,4322.5,Nov,11
ORD0303,2025-04-12,CUST011,North,Delhi,Laptop,Electronics,8.0,650,0.05,5200.0,260.0,4940.0,Apr,4
ORD0304,2025-09-22,CUST003,West,Pune,Keyboard,Accessories,6.0,45,0.05,270.0,13.5,256.5,Sep,9
ORD0305,2025-08-09,CUST012,South,Chennai,Headphones,Accessories,6.0,80,0.15,480.0,72.0,408.0,Aug,8
ORD0306,2025-09-28,CUST043,South,Bengaluru,Headphones,Accessories,7.0,80,0.05,560.0,28.0,532.0,Sep,9
ORD0307,2025-01-21,CUST107,South,Chennai,Printer,Office Equipment,4.0,180,0.15,720.0,108.0,612.0,Jan,1
ORD0308,2025-02-20,CUST015,West,Ahmedabad,Headphones,Accessories,1.0,80,0.1,80.0,8.0,72.0,Feb,2
ORD0309,2025-11-30,CUST125,North,Delhi,Mouse,Accessories,6.0,25,0.0,150.0,0.0,150.0,Nov,11
ORD0310,2025-06-06,CUST035,West,Mumbai,Mouse,Accessories,4.0,25,0.1,100.0,10.0,90.0,Jun,6
ORD0311,2025-03-18,CUST132,West,Pune,Monitor,Electronics,2.0,220,0.05,440.0,22.0,418.0,Mar,3
ORD0312,2025-04-18,CUST074,North,Chandigarh,Monitor,Electronics,3.0,220,0.0,660.0,0.0,660.0,Apr,4
ORD0313,2025-10-25,CUST036,East,Patna,Headphones,Accessories,7.0,80,0.0,560.0,0.0,560.0,Oct,10
ORD0314,2025-06-21,CUST120,West,Pune,Mouse,Accessories,7.0,25,0.1,175.0,17.5,157.5,Jun,6
ORD0315,2025-04-28,CUST021,South,Hyderabad,Headphones,Accessories,3.0,80,0.0,240.0,0.0,240.0,Apr,4
ORD0316,2025-01-10,CUST122,West,Mumbai,Printer,Office Equipment,2.0,180,0.0,360.0,0.0,360.0,Jan,1
ORD0317,2025-02-18,CUST091,North,Chandigarh,Laptop,Electronics,8.0,650,0.1,5200.0,520.0,4680.0,Feb,2
ORD0318,2025-03-01,CUST089,West,Pune,Headphones,Accessories,8.0,80,0.1,640.0,64.0,576.0,Mar,3
ORD0319,2025-03-10,CUST049,East,Bhubaneswar,Monitor,Electronics,1.0,220,0.0,220.0,0.0,220.0,Mar,3
ORD0320,2025-05-30,CUST037,West,Pune,Keyboard,Accessories,1.0,45,0.0,45.0,0.0,45.0,May,5
ORD0321,2025-03-19,CUST077,West,Ahmedabad,Keyboard,Accessories,8.0,45,0.05,360.0,18.0,342.0,Mar,3
ORD0322,2025-10-18,CUST007,North,Chandigarh,Headphones,Accessories,1.0,80,0.15,80.0,12.0,68.0,Oct,10
ORD0323,2025-06-16,CUST024,South,Hyderabad,Headphones,Accessories,2.0,80,0.05,160.0,8.0,152.0,Jun,6
ORD0324,2025-02-11,CUST032,South,Hyderabad,Mouse,Accessories,4.0,25,0.1,100.0,10.0,90.0,Feb,2
ORD0325,2025-03-14,CUST136,South,Bengaluru,Headphones,Accessories,1.0,80,0.05,80.0,4.0,76.0,Mar,3
ORD0326,2025-09-26,CUST049,East,Bhubaneswar,Laptop,Electronics,1.0,650,0.05,650.0,32.5,617.5,Sep,9
ORD0327,2025-05-29,CUST008,South,Bengaluru,Mouse,Accessories,4.0,25,0.0,100.0,0.0,100.0,May,5
ORD0328,2025-02-27,CUST003,West,Pune,Printer,Office Equipment,3.0,180,0.05,540.0,27.0,513.0,Feb,2
ORD0329,2025-04-12,CUST035,South,Chennai,Printer,Office Equipment,7.0,180,0.05,1260.0,63.0,1197.0,Apr,4
ORD0330,2025-10-27,CUST036,East,Bhubaneswar,Monitor,Electronics,4.0,220,0.0,880.0,0.0,880.0,Oct,10
ORD0331,2025-11-07,CUST106,North,Delhi,Headphones,Accessories,7.0,80,0.1,560.0,56.0,504.0,Nov,11
ORD0332,2025-05-25,CUST144,South,Bengaluru,Printer,Office Equipment,7.0,180,0.1,1260.0,126.0,1134.0,May,5
ORD0333,2025-10-06,CUST092,West,Ahmedabad,Mouse,Accessories,8.0,25,0.05,200.0,10.0,190.0,Oct,10
ORD0334,2025-09-05,CUST108,West,Pune,Keyboard,Accessories,5.0,45,0.1,225.0,22.5,202.5,Sep,9
ORD0335,2025-08-19,CUST032,North,Chandigarh,Laptop,Electronics,5.0,650,0.0,3250.0,0.0,3250.0,Aug,8
ORD0336,2025-05-22,CUST036,North,Chandigarh,Laptop,Electronics,4.0,650,0.1,2600.0,260.0,2340.0,May,5
ORD0337,2025-12-07,CUST002,East,Bhubaneswar,Laptop,Electronics,5.0,650,0.05,3250.0,162.5,3087.5,Dec,12
ORD0338,2025-06-29,CUST055,North,Delhi,Keyboard,Accessories,1.0,45,0.0,45.0,0.0,45.0,Jun,6
ORD0339,2025-11-12,CUST101,East,Bhubaneswar,Printer,Office Equipment,3.0,180,0.05,540.0,27.0,513.0,Nov,11
ORD0340,2025-03-23,CUST035,South,Hyderabad,Mouse,Accessories,1.0,25,0.0,25.0,0.0,25.0,Mar,3
ORD0341,2025-03-08,CUST080,West,Pune,Printer,Office Equipment,6.0,180,0.1,1080.0,108.0,972.0,Mar,3
ORD0342,2025-03-07,CUST091,South,Bengaluru,Mouse,Accessories,7.0,25,0.05,175.0,8.75,166.25,Mar,3
ORD0343,2025-09-13,CUST010,East,Bhubaneswar,Monitor,Electronics,6.0,220,0.15,1320.0,198.0,1122.0,Sep,9
ORD0344,2025-06-13,CUST095,South,Bengaluru,Laptop,Electronics,5.0,650,0.1,3250.0,325.0,2925.0,Jun,6
ORD0345,2025-01-25,CUST141,North,Chandigarh,Printer,Office Equipment,8.0,180,0.1,1440.0,144.0,1296.0,Jan,1
ORD0346,2025-03-20,CUST068,South,Bengaluru,Headphones,Accessories,2.0,80,0.05,160.0,8.0,152.0,Mar,3
ORD0347,2025-05-26,CUST060,West,Mumbai,Headphones,Accessories,7.0,80,0.05,560.0,28.0,532.0,May,5
ORD0348,2025-03-01,CUST031,West,Mumbai,Printer,Office Equipment,3.0,180,0.05,540.0,27.0,513.0,Mar,3
ORD0349,2025-05-10,CUST126,North,Jaipur,Keyboard,Accessories,2.0,45,0.05,90.0,4.5,85.5,May,5
ORD0350,2025-03-24,CUST137,South,Bengaluru,Keyboard,Accessories,7.0,45,0.1,315.0,31.5,283.5,Mar,3
ORD0351,2025-09-20,CUST080,North,Delhi,Keyboard,Accessories,4.0,45,0.0,180.0,0.0,180.0,Sep,9
ORD0352,2025-12-25,CUST124,North,Jaipur,Mouse,Accessories,8.0,25,0.1,200.0,20.0,180.0,Dec,12
ORD0353,2025-04-26,CUST062,North,Chandigarh,Mouse,Accessories,7.0,25,0.1,175.0,17.5,157.5,Apr,4
ORD0354,2025-01-14,CUST086,East,Patna,Headphones,Accessories,3.0,80,0.05,240.0,12.0,228.0,Jan,1
ORD0355,2025-09-03,CUST079,South,Hyderabad,Headphones,Accessories,2.0,80,0.0,160.0,0.0,160.0,Sep,9
ORD0356,2025-03-06,CUST013,South,Hyderabad,Headphones,Accessories,2.0,80,0.0,160.0,0.0,160.0,Mar,3
ORD0357,2025-12-04,CUST139,South,Chennai,Headphones,Accessories,5.0,80,0.15,400.0,60.0,340.0,Dec,12
ORD0358,2025-07-15,CUST034,West,Ahmedabad,Headphones,Accessories,5.0,80,0.05,400.0,20.0,380.0,Jul,7
ORD0359,2025-08-09,CUST042,West,Pune,Mouse,Accessories,8.0,25,0.1,200.0,20.0,180.0,Aug,8
ORD0360,2025-01-17,CUST120,South,Bengaluru,Headphones,Accessories,1.0,80,0.15,80.0,12.0,68.0,Jan,1
ORD0361,2025-01-29,CUST097,North,Delhi,Laptop,Electronics,2.0,650,0.05,1300.0,65.0,1235.0,Jan,1
ORD0362,2025-10-04,CUST028,South,Chennai,Monitor,Electronics,8.0,220,0.15,1760.0,264.0,1496.0,Oct,10
ORD0363,2025-07-19,CUST079,East,Bhubaneswar,Keyboard,Accessories,8.0,45,0.1,360.0,36.0,324.0,Jul,7
ORD0364,2025-03-10,CUST087,West,Ahmedabad,Laptop,Electronics,8.0,650,0.1,5200.0,520.0,4680.0,Mar,3
ORD0365,2025-02-12,CUST129,West,Mumbai,Headphones,Accessories,8.0,80,0.0,640.0,0.0,640.0,Feb,2
ORD0366,2025-05-28,CUST021,East,Patna,Headphones,Accessories,8.0,80,0.0,640.0,0.0,640.0,May,5
ORD0367,2025-07-30,CUST135,East,Bhubaneswar,Monitor,Electronics,4.0,220,0.0,880.0,0.0,880.0,Jul,7
ORD0368,2025-09-18,CUST094,West,Ahmedabad,Keyboard,Accessories,3.0,45,0.05,135.0,6.75,128.25,Sep,9
ORD0369,2025-08-08,CUST081,West,Pune,Printer,Office Equipment,6.0,180,0.0,1080.0,0.0,1080.0,Aug,8
ORD0370,2025-02-18,CUST036,North,Chandigarh,Laptop,Electronics,7.0,650,0.0,4550.0,0.0,4550.0,Feb,2
ORD0371,2025-04-29,CUST114,West,Pune,Printer,Office Equipment,1.0,180,0.05,180.0,9.0,171.0,Apr,4
ORD0372,2025-09-26,CUST095,North,Jaipur,Monitor,Electronics,8.0,220,0.0,1760.0,0.0,1760.0,Sep,9
ORD0373,2025-07-02,CUST059,South,Hyderabad,Mouse,Accessories,2.0,25,0.0,50.0,0.0,50.0,Jul,7
ORD0374,2025-08-01,CUST032,West,Pune,Printer,Office Equipment,1.0,180,0.0,180.0,0.0,180.0,Aug,8
ORD0375,2025-05-02,CUST032,South,Bengaluru,Keyboard,Accessories,8.0,45,0.15,360.0,54.0,306.0,May,5
ORD0376,2025-01-18,CUST149,East,Patna,Printer,Office Equipment,1.0,180,0.0,180.0,0.0,180.0,Jan,1
ORD0377,2025-12-26,CUST135,South,Bengaluru,Headphones,Accessories,6.0,80,0.1,480.0,48.0,432.0,Dec,12
ORD0378,2025-08-23,CUST089,West,Ahmedabad,Mouse,Accessories,8.0,25,0.05,200.0,10.0,190.0,Aug,8
ORD0379,2025-01-29,CUST027,West,Mumbai,Printer,Office Equipment,5.0,180,0.0,900.0,0.0,900.0,Jan,1
ORD0380,2025-02-13,CUST022,East,Patna,Monitor,Electronics,3.0,220,0.0,660.0,0.0,660.0,Feb,2
ORD0381,2025-07-10,CUST118,North,Delhi,Keyboard,Accessories,1.0,45,0.05,45.0,2.25,42.75,Jul,7
ORD0382,2025-10-08,CUST128,East,Kolkata,Keyboard,Accessories,6.0,45,0.1,270.0,27.0,243.0,Oct,10
ORD0383,2025-05-09,CUST108,East,Bhubaneswar,Headphones,Accessories,2.0,80,0.0,160.0,0.0,160.0,May,5
ORD0384,2025-08-12,CUST064,East,Kolkata,Headphones,Accessories,4.0,80,0.0,320.0,0.0,320.0,Aug,8
ORD0385,2025-10-29,CUST066,South,Hyderabad,Monitor,Electronics,1.0,220,0.05,220.0,11.0,209.0,Oct,10
ORD0386,2025-03-27,CUST090,West,Mumbai,Laptop,Electronics,1.0,650,0.05,650.0,32.5,617.5,Mar,3
ORD0387,2025-01-20,CUST075,South,Bengaluru,Monitor,Electronics,6.0,220,0.0,1320.0,0.0,1320.0,Jan,1
ORD0388,2025-04-11,CUST132,East,Patna,Keyboard,Accessories,6.0,45,0.1,270.0,27.0,243.0,Apr,4
ORD0389,2025-06-03,CUST037,West,Pune,Headphones,Accessories,8.0,80,0.0,640.0,0.0,640.0,Jun,6
ORD0390,2025-07-21,CUST038,North,Chandigarh,Printer,Office Equipment,8.0,180,0.0,1440.0,0.0,1440.0,Jul,7
ORD0391,2025-04-29,CUST071,West,Mumbai,Printer,Office Equipment,5.0,180,0.0,900.0,0.0,900.0,Apr,4
ORD0392,2025-12-02,CUST055,North,Chandigarh,Mouse,Accessories,3.0,25,0.0,75.0,0.0,75.0,Dec,12
ORD0393,2025-03-23,CUST147,West,Pune,Mouse,Accessories,8.0,25,0.1,200.0,20.0,180.0,Mar,3
ORD0394,2025-07-30,CUST150,West,Ahmedabad,Mouse,Accessories,1.0,25,0.05,25.0,1.25,23.75,Jul,7
ORD0395,2025-12-22,CUST019,West,Pune,Headphones,Accessories,2.0,80,0.1,160.0,16.0,144.0,Dec,12
ORD0396,2025-05-26,CUST063,West,Pune,Headphones,Accessories,7.0,80,0.1,560.0,56.0,504.0,May,5
ORD0397,2025-11-09,CUST118,North,Jaipur,Mouse,Accessories,4.0,25,0.1,100.0,10.0,90.0,Nov,11
ORD0398,2025-08-28,CUST047,North,Delhi,Headphones,Accessories,6.0,80,0.05,480.0,24.0,456.0,Aug,8
ORD0399,2025-03-16,CUST103,East,Bhubaneswar,Keyboard,Accessories,7.0,45,0.1,315.0,31.5,283.5,Mar,3
ORD0400,2025-05-18,CUST050,South,Bengaluru,Laptop,Electronics,1.0,650,0.05,650.0,32.5,617.5,May,5
ORD0401,2025-04-28,CUST081,North,Jaipur,Keyboard,Accessories,1.0,45,0.05,45.0,2.25,42.75,Apr,4
ORD0402,2025-02-04,CUST046,North,Jaipur,Keyboard,Accessories,5.0,45,0.0,225.0,0.0,225.0,Feb,2
ORD0403,2025-02-18,CUST149,East,Kolkata,Monitor,Electronics,5.0,220,0.05,1100.0,55.0,1045.0,Feb,2
ORD0404,2025-09-17,CUST126,West,Mumbai,Monitor,Electronics,4.0,220,0.0,880.0,0.0,880.0,Sep,9
ORD0405,2025-11-22,CUST041,East,Kolkata,Monitor,Electronics,8.0,220,0.1,1760.0,176.0,1584.0,Nov,11
ORD0406,2025-02-05,CUST108,South,Bengaluru,Printer,Office Equipment,7.0,180,0.15,1260.0,189.0,1071.0,Feb,2
ORD0407,2025-08-08,CUST014,South,Chennai,Monitor,Electronics,4.0,220,0.0,880.0,0.0,880.0,Aug,8
ORD0408,2025-07-24,CUST070,West,Pune,Monitor,Electronics,7.0,220,0.05,1540.0,77.0,1463.0,Jul,7
ORD0409,2025-03-25,CUST082,North,Delhi,Mouse,Accessories,4.0,25,0.0,100.0,0.0,100.0,Mar,3
ORD0410,2025-01-07,CUST070,East,Kolkata,Monitor,Electronics,5.0,220,0.05,1100.0,55.0,1045.0,Jan,1
ORD0411,2025-07-18,CUST149,West,Ahmedabad,Monitor,Electronics,4.0,220,0.0,880.0,0.0,880.0,Jul,7
ORD0412,2025-01-21,CUST082,South,Chennai,Monitor,Electronics,1.0,220,0.05,220.0,11.0,209.0,Jan,1
ORD0413,2025-11-01,CUST147,East,Patna,Headphones,Accessories,2.0,80,0.0,160.0,0.0,160.0,Nov,11
ORD0414,2025-06-10,CUST117,North,Delhi,Keyboard,Accessories,8.0,45,0.15,360.0,54.0,306.0,Jun,6
ORD0415,2025-10-16,CUST081,East,Bhubaneswar,Mouse,Accessories,1.0,25,0.1,25.0,2.5,22.5,Oct,10
ORD0416,2025-06-18,CUST086,North,Chandigarh,Headphones,Accessories,4.0,80,0.1,320.0,32.0,288.0,Jun,6
ORD0417,2025-04-08,CUST065,North,Chandigarh,Laptop,Electronics,6.0,650,0.0,3900.0,0.0,3900.0,Apr,4
ORD0418,2025-02-26,CUST066,North,Delhi,Monitor,Electronics,2.0,220,0.1,440.0,44.0,396.0,Feb,2
ORD0419,2025-03-17,CUST088,South,Hyderabad,Monitor,Electronics,5.0,220,0.1,1100.0,110.0,990.0,Mar,3
ORD0420,2025-08-31,CUST063,West,Ahmedabad,Printer,Office Equipment,2.0,180,0.15,360.0,54.0,306.0,Aug,8
ORD0421,2025-03-09,CUST110,West,Ahmedabad,Laptop,Electronics,5.0,650,0.0,3250.0,0.0,3250.0,Mar,3
ORD0422,2025-03-20,CUST116,South,Hyderabad,Mouse,Accessories,8.0,25,0.0,200.0,0.0,200.0,Mar,3
ORD0423,2025-02-27,CUST028,South,Hyderabad,Mouse,Accessories,5.0,25,0.05,125.0,6.25,118.75,Feb,2
ORD0424,2025-09-11,CUST131,North,Jaipur,Monitor,Electronics,2.0,220,0.0,440.0,0.0,440.0,Sep,9
ORD0425,2025-06-16,CUST023,North,Chandigarh,Mouse,Accessories,4.0,25,0.1,100.0,10.0,90.0,Jun,6
ORD0426,2025-11-03,CUST011,East,Bhubaneswar,Laptop,Electronics,3.0,650,0.1,1950.0,195.0,1755.0,Nov,11
ORD0427,2025-03-13,CUST055,South,Bengaluru,Mouse,Accessories,4.0,25,0.0,100.0,0.0,100.0,Mar,3
ORD0428,2025-07-29,CUST042,East,Patna,Laptop,Electronics,8.0,650,0.1,5200.0,520.0,4680.0,Jul,7
ORD0429,2025-12-02,CUST131,West,Pune,Mouse,Accessories,4.0,25,0.0,100.0,0.0,100.0,Dec,12
ORD0430,2025-08-08,CUST129,East,Patna,Headphones,Accessories,2.0,80,0.0,160.0,0.0,160.0,Aug,8
ORD0431,2025-09-03,CUST019,West,Ahmedabad,Headphones,Accessories,5.0,80,0.05,400.0,20.0,380.0,Sep,9
ORD0432,2025-05-09,CUST063,West,Ahmedabad,Laptop,Electronics,6.0,650,0.0,3900.0,0.0,3900.0,May,5
ORD0433,2025-06-11,CUST004,East,Kolkata,Headphones,Accessories,5.0,80,0.1,400.0,40.0,360.0,Jun,6
ORD0434,2025-05-08,CUST027,South,Chennai,Mouse,Accessories,7.0,25,0.1,175.0,17.5,157.5,May,5
ORD0435,2025-06-03,CUST126,North,Jaipur,Headphones,Accessories,1.0,80,0.0,80.0,0.0,80.0,Jun,6
ORD0436,2025-09-22,CUST116,North,Jaipur,Printer,Office Equipment,5.0,180,0.0,900.0,0.0,900.0,Sep,9
ORD0437,2025-12-30,CUST108,South,Chennai,Printer,Office Equipment,3.0,180,0.1,540.0,54.0,486.0,Dec,12
ORD0438,2025-10-13,CUST021,North,Chandigarh,Laptop,Electronics,6.0,650,0.1,3900.0,390.0,3510.0,Oct,10
ORD0439,2025-06-12,CUST034,West,Pune,Mouse,Accessories,6.0,25,0.1,150.0,15.0,135.0,Jun,6
ORD0440,2025-10-06,CUST128,East,Patna,Laptop,Electronics,2.0,650,0.1,1300.0,130.0,1170.0,Oct,10
ORD0441,2025-09-28,CUST091,North,Delhi,Printer,Office Equipment,4.0,180,0.05,720.0,36.0,684.0,Sep,9
ORD0442,2025-09-05,CUST047,North,Delhi,Keyboard,Accessories,8.0,45,0.0,360.0,0.0,360.0,Sep,9
ORD0443,2025-05-08,CUST067,North,Delhi,Printer,Office Equipment,8.0,180,0.0,1440.0,0.0,1440.0,May,5
ORD0444,2025-07-10,CUST021,South,Bengaluru,Mouse,Accessories,7.0,25,0.0,175.0,0.0,175.0,Jul,7
ORD0445,2025-05-22,CUST145,North,Delhi,Keyboard,Accessories,5.0,45,0.1,225.0,22.5,202.5,May,5
ORD0446,2025-08-13,CUST134,East,Kolkata,Laptop,Electronics,7.0,650,0.0,4550.0,0.0,4550.0,Aug,8
ORD0447,2025-02-15,CUST038,East,Patna,Keyboard,Accessories,3.0,45,0.0,135.0,0.0,135.0,Feb,2
ORD0448,2025-05-27,CUST030,West,Mumbai,Printer,Office Equipment,8.0,180,0.0,1440.0,0.0,1440.0,May,5
ORD0449,2025-09-27,CUST102,East,Kolkata,Printer,Office Equipment,1.0,180,0.05,180.0,9.0,171.0,Sep,9
ORD0450,2025-10-02,CUST028,West,Mumbai,Printer,Office Equipment,3.0,180,0.15,540.0,81.0,459.0,Oct,10
ORD0451,2025-09-08,CUST124,North,Jaipur,Mouse,Accessories,6.0,25,0.1,150.0,15.0,135.0,Sep,9
ORD0452,2025-04-30,CUST061,West,Pune,Laptop,Electronics,7.0,650,0.05,4550.0,227.5,4322.5,Apr,4
ORD0453,2025-06-10,CUST120,West,Mumbai,Mouse,Accessories,6.0,25,0.0,150.0,0.0,150.0,Jun,6
ORD0454,2025-11-30,CUST041,North,Chandigarh,Mouse,Accessories,3.0,25,0.0,75.0,0.0,75.0,Nov,11
ORD0455,2025-03-27,CUST120,East,Bhubaneswar,Mouse,Accessories,1.0,25,0.0,25.0,0.0,25.0,Mar,3
ORD0456,2025-02-04,CUST011,South,Bengaluru,Headphones,Accessories,8.0,80,0.0,640.0,0.0,640.0,Feb,2
ORD0457,2025-10-31,CUST020,South,Bengaluru,Printer,Office Equipment,7.0,180,0.1,1260.0,126.0,1134.0,Oct,10
ORD0458,2025-11-20,CUST035,East,Kolkata,Headphones,Accessories,5.0,80,0.0,400.0,0.0,400.0,Nov,11
ORD0459,2025-11-28,CUST076,South,Bengaluru,Laptop,Electronics,8.0,650,0.05,5200.0,260.0,4940.0,Nov,11
ORD0460,2025-11-04,CUST093,East,Patna,Printer,Office Equipment,1.0,180,0.0,180.0,0.0,180.0,Nov,11
ORD0461,2025-06-06,CUST132,West,Mumbai,Printer,Office Equipment,3.0,180,0.05,540.0,27.0,513.0,Jun,6
ORD0462,2025-12-08,CUST091,West,Pune,Mouse,Accessories,4.0,25,0.05,100.0,5.0,95.0,Dec,12
ORD0463,2025-06-02,CUST145,North,Jaipur,Laptop,Electronics,6.0,650,0.0,3900.0,0.0,3900.0,Jun,6
ORD0464,2025-12-28,CUST093,West,Pune,Headphones,Accessories,2.0,80,0.15,160.0,24.0,136.0,Dec,12
ORD0465,2025-08-25,CUST084,North,Jaipur,Headphones,Accessories,8.0,80,0.05,640.0,32.0,608.0,Aug,8
ORD0466,2025-07-09,CUST136,North,Delhi,Laptop,Electronics,6.0,650,0.1,3900.0,390.0,3510.0,Jul,7
ORD0467,2025-09-02,CUST062,West,Mumbai,Keyboard,Accessories,2.0,45,0.05,90.0,4.5,85.5,Sep,9
ORD0468,2025-12-10,CUST037,East,Bhubaneswar,Monitor,Electronics,6.0,220,0.0,1320.0,0.0,1320.0,Dec,12
ORD0469,2025-02-28,CUST041,North,Delhi,Laptop,Electronics,8.0,650,0.05,5200.0,260.0,4940.0,Feb,2
ORD0470,2025-11-29,CUST127,West,Ahmedabad,Headphones,Accessories,6.0,80,0.15,480.0,72.0,408.0,Nov,11
ORD0471,2025-11-28,CUST072,North,Delhi,Printer,Office Equipment,8.0,180,0.05,1440.0,72.0,1368.0,Nov,11
ORD0472,2025-10-28,CUST090,North,Delhi,Headphones,Accessories,4.0,80,0.1,320.0,32.0,288.0,Oct,10
ORD0473,2025-06-23,CUST087,South,Bengaluru,Mouse,Accessories,8.0,25,0.1,200.0,20.0,180.0,Jun,6
ORD0474,2025-12-06,CUST082,North,Jaipur,Printer,Office Equipment,7.0,180,0.0,1260.0,0.0,1260.0,Dec,12
ORD0475,2025-03-23,CUST147,South,Chennai,Monitor,Electronics,1.0,220,0.05,220.0,11.0,209.0,Mar,3
ORD0476,2025-08-31,CUST143,West,Mumbai,Mouse,Accessories,1.0,25,0.05,25.0,1.25,23.75,Aug,8
ORD0477,2025-07-21,CUST051,East,Bhubaneswar,Laptop,Electronics,7.0,650,0.05,4550.0,227.5,4322.5,Jul,7
ORD0478,2025-04-28,CUST121,North,Chandigarh,Keyboard,Accessories,6.0,45,0.05,270.0,13.5,256.5,Apr,4
ORD0479,2025-04-03,CUST131,East,Bhubaneswar,Mouse,Accessories,3.0,25,0.1,75.0,7.5,67.5,Apr,4
ORD0480,2025-09-25,CUST065,West,Pune,Printer,Office Equipment,1.0,180,0.1,180.0,18.0,162.0,Sep,9
ORD0481,2025-02-18,CUST127,East,Bhubaneswar,Headphones,Accessories,5.0,80,0.0,400.0,0.0,400.0,Feb,2
ORD0482,2025-04-17,CUST146,East,Kolkata,Laptop,Electronics,6.0,650,0.1,3900.0,390.0,3510.0,Apr,4
ORD0483,2025-05-02,CUST030,East,Kolkata,Mouse,Accessories,7.0,25,0.05,175.0,8.75,166.25,May,5
ORD0484,2025-06-05,CUST079,West,Pune,Mouse,Accessories,8.0,25,0.1,200.0,20.0,180.0,Jun,6
ORD0485,2025-06-09,CUST057,East,Patna,Laptop,Electronics,8.0,650,0.1,5200.0,520.0,4680.0,Jun,6
ORD0486,2025-06-05,CUST007,West,Mumbai,Printer,Office Equipment,8.0,180,0.05,1440.0,72.0,1368.0,Jun,6
ORD0487,2025-10-02,CUST146,North,Delhi,Mouse,Accessories,1.0,25,0.15,25.0,3.75,21.25,Oct,10
ORD0488,2025-05-06,CUST139,East,Patna,Mouse,Accessories,7.0,25,0.0,175.0,0.0,175.0,May,5
ORD0489,2025-06-25,CUST116,North,Chandigarh,Laptop,Electronics,8.0,650,0.05,5200.0,260.0,4940.0,Jun,6
ORD0490,2025-12-31,CUST069,South,Bengaluru,Mouse,Accessories,7.0,25,0.1,175.0,17.5,157.5,Dec,12
ORD0491,2025-09-17,CUST107,West,Ahmedabad,Printer,Office Equipment,3.0,180,0.15,540.0,81.0,459.0,Sep,9
ORD0492,2025-05-05,CUST143,South,Hyderabad,Keyboard,Accessories,2.0,45,0.0,90.0,0.0,90.0,May,5
ORD0493,2025-02-06,CUST124,South,Chennai,Headphones,Accessories,5.0,80,0.1,400.0,40.0,360.0,Feb,2
ORD0494,2025-07-20,CUST113,East,Patna,Headphones,Accessories,6.0,80,0.05,480.0,24.0,456.0,Jul,7
ORD0495,2025-04-19,CUST022,North,Jaipur,Headphones,Accessories,7.0,80,0.0,560.0,0.0,560.0,Apr,4
ORD0496,2025-06-11,CUST109,North,Delhi,Mouse,Accessories,1.0,25,0.05,25.0,1.25,23.75,Jun,6
ORD0497,2025-02-11,CUST098,North,Jaipur,Printer,Office Equipment,7.0,180,0.05,1260.0,63.0,1197.0,Feb,2
ORD0498,2025-01-21,CUST044,East,Bhubaneswar,Headphones,Accessories,1.0,80,0.05,80.0,4.0,76.0,Jan,1
ORD0499,2025-10-07,CUST125,East,Patna,Keyboard,Accessories,1.0,45,0.05,45.0,2.25,42.75,Oct,10
ORD0500,2025-09-30,CUST099,North,Jaipur,Keyboard,Accessories,2.0,45,0.05,90.0,4.5,85.5,Sep,9
ORD0501,2025-10-02,CUST085,South,Chennai,Mouse,Accessories,1.0,25,0.1,25.0,2.5,22.5,Oct,10
ORD0502,2025-05-27,CUST064,North,Delhi,Mouse,Accessories,5.0,25,0.05,125.0,6.25,118.75,May,5
ORD0503,2025-02-16,CUST140,North,Chandigarh,Keyboard,Accessories,3.0,45,0.05,135.0,6.75,128.25,Feb,2
ORD0504,2025-01-05,CUST020,North,Chandigarh,Printer,Office Equipment,3.0,180,0.05,540.0,27.0,513.0,Jan,1
ORD0505,2025-05-27,CUST048,South,Chennai,Laptop,Electronics,4.0,650,0.15,2600.0,390.0,2210.0,May,5
ORD0506,2025-08-16,CUST102,West,Pune,Mouse,Accessories,7.0,25,0.0,175.0,0.0,175.0,Aug,8
ORD0507,2025-07-22,CUST082,North,Chandigarh,Keyboard,Accessories,8.0,45,0.05,360.0,18.0,342.0,Jul,7
ORD0508,2025-12-31,CUST048,East,Patna,Mouse,Accessories,7.0,25,0.05,175.0,8.75,166.25,Dec,12
ORD0509,2025-08-13,CUST096,West,Mumbai,Laptop,Electronics,1.0,650,0.05,650.0,32.5,617.5,Aug,8
ORD0510,2025-01-13,CUST031,East,Bhubaneswar,Keyboard,Accessories,3.0,45,0.05,135.0,6.75,128.25,Jan,1
ORD0511,2025-11-19,CUST054,West,Pune,Monitor,Electronics,5.0,220,0.0,1100.0,0.0,1100.0,Nov,11
ORD0512,2025-07-13,CUST035,South,Chennai,Monitor,Electronics,5.0,220,0.05,1100.0,55.0,1045.0,Jul,7
ORD0513,2025-09-21,CUST026,North,Chandigarh,Printer,Office Equipment,7.0,180,0.15,1260.0,189.0,1071.0,Sep,9
ORD0514,2025-03-06,CUST036,West,Ahmedabad,Laptop,Electronics,6.0,650,0.0,3900.0,0.0,3900.0,Mar,3
ORD0515,2025-08-20,CUST136,North,Delhi,Laptop,Electronics,7.0,650,0.0,4550.0,0.0,4550.0,Aug,8
ORD0516,2025-02-04,CUST104,West,Mumbai,Headphones,Accessories,7.0,80,0.1,560.0,56.0,504.0,Feb,2
ORD0517,2025-12-24,CUST075,South,Chennai,Laptop,Electronics,6.0,650,0.05,3900.0,195.0,3705.0,Dec,12
ORD0518,2025-06-22,CUST034,West,Ahmedabad,Keyboard,Accessories,6.0,45,0.1,270.0,27.0,243.0,Jun,6
ORD0519,2025-03-07,CUST145,North,Jaipur,Headphones,Accessories,3.0,80,0.1,240.0,24.0,216.0,Mar,3
ORD0520,2025-01-13,CUST111,South,Chennai,Monitor,Electronics,4.0,220,0.0,880.0,0.0,880.0,Jan,1
ORD0521,2025-04-30,CUST126,South,Hyderabad,Mouse,Accessories,3.0,25,0.1,75.0,7.5,67.5,Apr,4
ORD0522,2025-11-17,CUST145,South,Bengaluru,Keyboard,Accessories,7.0,45,0.05,315.0,15.75,299.25,Nov,11
ORD0523,2025-02-22,CUST019,South,Bengaluru,Laptop,Electronics,5.0,650,0.05,3250.0,162.5,3087.5,Feb,2
ORD0524,2025-01-23,CUST032,North,Chandigarh,Laptop,Electronics,7.0,650,0.1,4550.0,455.0,4095.0,Jan,1
ORD0525,2025-02-21,CUST148,South,Chennai,Printer,Office Equipment,4.0,180,0.05,720.0,36.0,684.0,Feb,2
ORD0526,2025-02-22,CUST079,South,Chennai,Monitor,Electronics,4.0,220,0.0,880.0,0.0,880.0,Feb,2
ORD0527,2025-09-21,CUST012,South,Hyderabad,Printer,Office Equipment,4.0,180,0.0,720.0,0.0,720.0,Sep,9
ORD0528,2025-03-16,CUST105,South,Chennai,Printer,Office Equipment,8.0,180,0.05,1440.0,72.0,1368.0,Mar,3
ORD0529,2025-12-15,CUST018,North,Jaipur,Mouse,Accessories,1.0,25,0.0,25.0,0.0,25.0,Dec,12
ORD0530,2025-09-21,CUST134,South,Bengaluru,Printer,Office Equipment,7.0,180,0.05,1260.0,63.0,1197.0,Sep,9
ORD0531,2025-05-19,CUST121,West,Mumbai,Headphones,Accessories,8.0,80,0.0,640.0,0.0,640.0,May,5
ORD0532,2025-04-10,CUST082,East,Patna,Laptop,Electronics,1.0,650,0.1,650.0,65.0,585.0,Apr,4
ORD0533,2025-02-25,CUST145,North,Jaipur,Keyboard,Accessories,1.0,45,0.05,45.0,2.25,42.75,Feb,2
ORD0534,2025-08-05,CUST120,East,Bhubaneswar,Monitor,Electronics,5.0,220,0.05,1100.0,55.0,1045.0,Aug,8
ORD0535,2025-01-13,CUST101,East,Patna,Monitor,Electronics,5.0,220,0.1,1100.0,110.0,990.0,Jan,1
ORD0536,2025-10-08,CUST094,West,Ahmedabad,Laptop,Electronics,1.0,650,0.1,650.0,65.0,585.0,Oct,10
ORD0537,2025-10-25,CUST145,North,Jaipur,Laptop,Electronics,3.0,650,0.05,1950.0,97.5,1852.5,Oct,10
ORD0538,2025-12-21,CUST047,South,Hyderabad,Headphones,Accessories,4.0,80,0.1,320.0,32.0,288.0,Dec,12
ORD0539,2025-01-13,CUST141,West,Pune,Monitor,Electronics,3.0,220,0.05,660.0,33.0,627.0,Jan,1
ORD0540,2025-06-15,CUST054,East,Bhubaneswar,Mouse,Accessories,8.0,25,0.05,200.0,10.0,190.0,Jun,6
ORD0541,2025-06-11,CUST137,North,Delhi,Printer,Office Equipment,7.0,180,0.05,1260.0,63.0,1197.0,Jun,6
ORD0542,2025-05-29,CUST028,South,Hyderabad,Mouse,Accessories,4.0,25,0.15,100.0,15.0,85.0,May,5
ORD0543,2025-08-23,CUST013,South,Bengaluru,Printer,Office Equipment,4.0,180,0.0,720.0,0.0,720.0,Aug,8
ORD0544,2025-02-13,CUST047,North,Chandigarh,Laptop,Electronics,6.0,650,0.05,3900.0,195.0,3705.0,Feb,2
ORD0545,2025-10-07,CUST002,South,Chennai,Headphones,Accessories,5.0,80,0.05,400.0,20.0,380.0,Oct,10
ORD0546,2025-04-21,CUST102,North,Chandigarh,Printer,Office Equipment,2.0,180,0.0,360.0,0.0,360.0,Apr,4
ORD0547,2025-06-20,CUST122,West,Pune,Laptop,Electronics,4.0,650,0.0,2600.0,0.0,2600.0,Jun,6
ORD0548,2025-06-05,CUST016,South,Chennai,Mouse,Accessories,1.0,25,0.0,25.0,0.0,25.0,Jun,6
ORD0549,2025-06-30,CUST134,West,Pune,Laptop,Electronics,4.0,650,0.0,2600.0,0.0,2600.0,Jun,6
ORD0550,2025-09-01,CUST057,North,Delhi,Headphones,Accessories,7.0,80,0.05,560.0,28.0,532.0,Sep,9
ORD0551,2025-05-15,CUST111,West,Ahmedabad,Printer,Office Equipment,5.0,180,0.05,900.0,45.0,855.0,May,5
ORD0552,2025-08-05,CUST045,North,Jaipur,Keyboard,Accessories,8.0,45,0.1,360.0,36.0,324.0,Aug,8
ORD0553,2025-04-08,CUST079,East,Patna,Printer,Office Equipment,5.0,180,0.0,900.0,0.0,900.0,Apr,4
ORD0554,2025-04-29,CUST133,East,Bhubaneswar,Mouse,Accessories,4.0,25,0.15,100.0,15.0,85.0,Apr,4
ORD0555,2025-10-05,CUST017,South,Hyderabad,Mouse,Accessories,7.0,25,0.05,175.0,8.75,166.25,Oct,10
ORD0556,2025-01-25,CUST138,South,Hyderabad,Keyboard,Accessories,2.0,45,0.1,90.0,9.0,81.0,Jan,1
ORD0557,2025-12-26,CUST068,North,Jaipur,Keyboard,Accessories,3.0,45,0.15,135.0,20.25,114.75,Dec,12
ORD0558,2025-02-21,CUST102,East,Patna,Mouse,Accessories,1.0,25,0.0,25.0,0.0,25.0,Feb,2
ORD0559,2025-06-23,CUST026,West,Mumbai,Printer,Office Equipment,7.0,180,0.0,1260.0,0.0,1260.0,Jun,6
ORD0560,2025-09-05,CUST054,South,Bengaluru,Laptop,Electronics,4.0,650,0.05,2600.0,130.0,2470.0,Sep,9
ORD0561,2025-08-12,CUST061,South,Chennai,Laptop,Electronics,3.0,650,0.1,1950.0,195.0,1755.0,Aug,8
ORD0562,2025-03-03,CUST086,North,Chandigarh,Monitor,Electronics,5.0,220,0.05,1100.0,55.0,1045.0,Mar,3
ORD0563,2025-08-11,CUST003,South,Chennai,Printer,Office Equipment,2.0,180,0.0,360.0,0.0,360.0,Aug,8
ORD0564,2025-08-23,CUST108,South,Bengaluru,Printer,Office Equipment,8.0,180,0.0,1440.0,0.0,1440.0,Aug,8
ORD0565,2025-12-17,CUST070,North,Jaipur,Laptop,Electronics,5.0,650,0.05,3250.0,162.5,3087.5,Dec,12
ORD0566,2025-11-16,CUST090,West,Ahmedabad,Laptop,Electronics,4.0,650,0.15,2600.0,390.0,2210.0,Nov,11
ORD0567,2025-01-19,CUST055,North,Jaipur,Printer,Office Equipment,5.0,180,0.05,900.0,45.0,855.0,Jan,1
ORD0568,2025-04-18,CUST115,South,Chennai,Printer,Office Equipment,2.0,180,0.0,360.0,0.0,360.0,Apr,4
ORD0569,2025-10-26,CUST080,East,Kolkata,Headphones,Accessories,2.0,80,0.1,160.0,16.0,144.0,Oct,10
ORD0570,2025-01-08,CUST096,South,Hyderabad,Monitor,Electronics,8.0,220,0.0,1760.0,0.0,1760.0,Jan,1
ORD0571,2025-03-22,CUST084,East,Bhubaneswar,Mouse,Accessories,1.0,25,0.05,25.0,1.25,23.75,Mar,3
ORD0572,2025-03-15,CUST036,South,Bengaluru,Monitor,Electronics,6.0,220,0.05,1320.0,66.0,1254.0,Mar,3
ORD0573,2025-08-04,CUST104,West,Pune,Headphones,Accessories,7.0,80,0.05,560.0,28.0,532.0,Aug,8
ORD0574,2025-12-15,CUST108,East,Patna,Monitor,Electronics,6.0,220,0.05,1320.0,66.0,1254.0,Dec,12
ORD0575,2025-09-05,CUST034,North,Chandigarh,Headphones,Accessories,4.0,80,0.0,320.0,0.0,320.0,Sep,9
ORD0576,2025-11-19,CUST148,North,Delhi,Keyboard,Accessories,5.0,45,0.05,225.0,11.25,213.75,Nov,11
ORD0577,2025-04-01,CUST090,South,Hyderabad,Headphones,Accessories,3.0,80,0.15,240.0,36.0,204.0,Apr,4
ORD0578,2025-06-30,CUST091,North,Chandigarh,Printer,Office Equipment,5.0,180,0.0,900.0,0.0,900.0,Jun,6
ORD0579,2025-06-03,CUST109,West,Mumbai,Monitor,Electronics,2.0,220,0.15,440.0,66.0,374.0,Jun,6
ORD0580,2025-02-10,CUST105,West,Ahmedabad,Mouse,Accessories,2.0,25,0.1,50.0,5.0,45.0,Feb,2
ORD0581,2025-08-25,CUST068,South,Bengaluru,Headphones,Accessories,1.0,80,0.0,80.0,0.0,80.0,Aug,8
ORD0582,2025-04-09,CUST076,West,Ahmedabad,Headphones,Accessories,8.0,80,0.05,640.0,32.0,608.0,Apr,4
ORD0583,2025-10-30,CUST071,East,Patna,Monitor,Electronics,5.0,220,0.05,1100.0,55.0,1045.0,Oct,10
ORD0584,2025-10-06,CUST106,West,Mumbai,Monitor,Electronics,5.0,220,0.1,1100.0,110.0,990.0,Oct,10
ORD0585,2025-02-10,CUST112,East,Bhubaneswar,Mouse,Accessories,4.0,25,0.0,100.0,0.0,100.0,Feb,2
ORD0586,2025-11-20,CUST122,West,Ahmedabad,Keyboard,Accessories,6.0,45,0.0,270.0,0.0,270.0,Nov,11
ORD0587,2025-10-10,CUST040,North,Delhi,Keyboard,Accessories,3.0,45,0.0,135.0,0.0,135.0,Oct,10
ORD0588,2025-01-04,CUST067,West,Pune,Headphones,Accessories,5.0,80,0.1,400.0,40.0,360.0,Jan,1
ORD0589,2025-04-26,CUST023,North,Delhi,Monitor,Electronics,7.0,220,0.0,1540.0,0.0,1540.0,Apr,4
ORD0590,2025-06-18,CUST057,North,Jaipur,Headphones,Accessories,6.0,80,0.05,480.0,24.0,456.0,Jun,6
ORD0591,2025-05-18,CUST135,North,Chandigarh,Headphones,Accessories,6.0,80,0.0,480.0,0.0,480.0,May,5
ORD0592,2025-06-28,CUST086,North,Delhi,Printer,Office Equipment,4.0,180,0.0,720.0,0.0,720.0,Jun,6
ORD0593,2025-08-27,CUST141,West,Pune,Mouse,Accessories,3.0,25,0.1,75.0,7.5,67.5,Aug,8
ORD0594,2025-04-22,CUST126,South,Chennai,Monitor,Electronics,6.0,220,0.1,1320.0,132.0,1188.0,Apr,4
ORD0595,2025-01-22,CUST054,East,Bhubaneswar,Keyboard,Accessories,4.0,45,0.15,180.0,27.0,153.0,Jan,1
ORD0596,2025-10-14,CUST032,West,Mumbai,Headphones,Accessories,8.0,80,0.0,640.0,0.0,640.0,Oct,10
ORD0597,2025-05-19,CUST010,South,Hyderabad,Keyboard,Accessories,6.0,45,0.05,270.0,13.5,256.5,May,5
ORD0598,2025-04-21,CUST123,North,Delhi,Printer,Office Equipment,4.0,180,0.15,720.0,108.0,612.0,Apr,4
ORD0599,2025-08-05,CUST051,North,Chandigarh,Headphones,Accessories,1.0,80,0.05,80.0,4.0,76.0,Aug,8
ORD0600,2025-04-14,CUST015,North,Delhi,Mouse,Accessories,7.0,25,0.1,175.0,17.5,157.5,Apr,4
